<?xml version="1.0" encoding="utf-8"?>
<ApplicationInstallerManifest>
   <DefaultInstallationDirectory>/Applications/mrviewer_macos/</DefaultInstallationDirectory>
   <ApplicationName>mrviewer_macos</ApplicationName>
   <ExecutableName>application/mrviewer_macos.exe</ExecutableName>
   <GUID>de98fb41-57f1-4265-9623-8940460b3f69</GUID>
   <ApplicationIcon>default_icon_48.png</ApplicationIcon>
   <Logo>default_logo.png</Logo>
   <Version>1.0</Version>
   <WelcomePanelText>mrviewer_macos 1.0
Konrad Werys
konradwerys@gmail.com</WelcomePanelText>
   <MCRProducts>
      <MCRProduct>
         <ExternalProductIdentifier>35000</ExternalProductIdentifier>
      </MCRProduct>
   </MCRProducts>
</ApplicationInstallerManifest>